
{
  "technical": {
    "businessRules": [
      {
        "ruleId": "BR-001",
        "ruleName": "Filter by Campaign ID",
        "action": "Returns email records related to a specific campaign",
        "category": "Data Filtering",
        "description": "Email records must be filtered by the specified CampaignId.",
        "trigger": "Execution of the stored procedure with a specific CampaignId",
        "entities": ["EmailHistory", "CampaignEmailTemplates"],
        "implementation": {
          "sqlCode": "WHERE eh.CampaignId=@CampaignId",
          "technicalDescription": "Filter records from EmailHistory based on CampaignId",
          "line_start": 16,
          "line_end": 16
        },
        "confidence": 95,
        "reasoning": "The filtering condition prioritizes delivering data aligned with the requested campaign.",
        "testValues": {
          "normalCase": ["1", "999999"],
          "boundaryCase": ["NULL"],
          "edgeCase": ["-1", "0"]
        }
      },
      {
        "ruleId": "BR-002",
        "ruleName": "Conditional Recipient Filtering",
        "action": "Filters email records by recipient if @userStsGuid is provided.",
        "category": "Conditional Filtering",
        "description": "If @userStsGuid is provided, only return emails for that recipient; otherwise, return all recipients for the campaign.",
        "trigger": "Execution with or without @userStsGuid",
        "entities": ["EmailHistory"],
        "implementation": {
          "sqlCode": "eh.Recipient=@userStsGuid OR @userStsGuid IS NULL",
          "technicalDescription": "Optional filtering based on recipient",
          "line_start": 16,
          "line_end": 16
        },
        "confidence": 90,
        "reasoning": "Provides flexibility to filter by recipient when needed.",
        "testValues": {
          "normalCase": ["'00000000-0000-0000-0000-000000000000'", "NULL"],
          "boundaryCase": ["'12345678-1234-1234-1234-123456789012'"],
          "edgeCase": ["'A1B2C3D4-E5F6-7890-ABCD-EF1234567890'"]
        }
      },
      {
        "ruleId": "BR-003",
        "ruleName": "Join Email Details with Template Information",
        "action": "Combines email records with template details via join conditions.",
        "category": "Data Relationship",
        "description": "Email details must be joined with their corresponding template information based on CampaignId and CampaignEmailTemplateId.",
        "trigger": "Joins executed within the stored procedure",
        "entities": ["EmailHistory", "CampaignEmailTemplates"],
        "implementation": {
          "sqlCode": "INNER JOIN arm.CampaignEmailTemplates cet ON cet.CampaignId=eh.CampaignId AND cet.Id=eh.CampaignEmailTemplateId",
          "technicalDescription": "Join operation aligning email records to their templates",
          "line_start": 10,
          "line_end": 11
        },
        "confidence": 100,
        "reasoning": "Ensures email details include all necessary template information for comprehensive data.",
        "testValues": {
          "normalCase": ["matching IDs"],
          "boundaryCase": ["non-matching IDs"],
          "edgeCase": ["duplicate entries"]
        }
      }
    ],
    "businessFunctions": [
      {
        "functionId": "BF-001",
        "functionName": "Retrieve Campaign Email Details",
        "description": "Fetches comprehensive email records for a specific campaign, including recipient details and associated email templates.",
        "componentRules": ["BR-001", "BR-002", "BR-003"],
        "repositoryMethod": {
          "name": "GetEmailDetails",
          "returnType": "List<EmailDetail>",
          "parameters": [
            {
              "name": "campaignId",
              "type": "int",
              "description": "Campaign Identifier"
            },
            {
              "name": "userStsGuid",
              "type": "Guid?",
              "description": "Optional recipient identifier"
            }
          ],
          "sqlImplementationNotes": [
            {
              "ruleId": "BR-001",
              "sqlSnippet": "WHERE eh.CampaignId=@CampaignId"
            },
            {
              "ruleId": "BR-002",
              "sqlSnippet": "eh.Recipient=@userStsGuid OR @userStsGuid IS NULL"
            }
          ]
        },
        "dataRequirements": {
          "inputs": ["CampaignId"],
          "outputs": ["Email list with details"],
          "dependencies": ["EmailHistory table", "CampaignEmailTemplates table"]
        }
      }
    ],
    "businessProcesses": [
      {
        "processId": "PROC-001",
        "processName": "Email Campaign Analysis",
        "description": "Analyzes and retrieves email communication details for a given campaign, optionally filtered by recipient.",
        "orchestration": {
          "steps": [
            {
              "sequence": 1,
              "functionId": "BF-001",
              "description": "Fetch email details and associated templates based on specified campaign and recipient."
            }
          ]
        }
      }
    ],
    "ImplementationApproach": {
      "dataModels": [
        {
          "modelName": "EmailDetail",
          "description": "Represents the details of an email sent as part of a campaign.",
          "properties": [
            {
              "name": "CampaignId",
              "type": "int",
              "description": "Identifier for the campaign."
            },
            {
              "name": "Recipient",
              "type": "Guid",
              "description": "GUID of the email recipient."
            },
            {
              "name": "Sender",
              "type": "string",
              "description": "Email sender address."
            },
            {
              "name": "Timestamp",
              "type": "DateTime",
              "description": "Time the email was sent."
            },
            {
              "name": "CampaignEmailTemplateId",
              "type": "int",
              "description": "Associated template ID for the email."
            },
            {
              "name": "WorkflowStep",
              "type": "string",
              "description": "Workflow step associated with the email template."
            },
            {
              "name": "CcManager",
              "type": "string",
              "description": "Manager CC'd on the email."
            }
          ],
          "relationships": [
            {
              "relatedModel": "CampaignEmailTemplate",
              "type": "One-to-Many",
              "description": "Each campaign email detail can be associated with one campaign email template."
            }
          ]
        }
      ],
      "transactionBoundaries": {
        "startPoints": [],
        "endPoints": [],
        "savePoints": [],
        "repositoryImplications": "No explicit transactions defined, consider ensuring transactional integrity in C# when multiple steps require atomicity.",
        "parityRequirement": "Enhancement"
      },
      "dependencyInjectionRequirements": [],
      "stateManagement": {
        "temporaryStorageUsage": []
      },
      "errorHandlingPatterns": {
        "patterns": [],
        "c#Implication": [],
        "parityRequirement": "Critical"
      },
      "dataVolumeConsiderations": {
        "largeDatasetOperations": []
      },
      "repositoryPatternGuidance": {
        "queryOptimization": {
          "sqlPatterns": [],
          "c#Consideration": [],
          "performanceImpact": "",
          "parityRequirement": "Critical"
        },
        "concurrencyHandling": {
          "sqlApproach": "Not explicitly handled in SQL.",
          "c#Recommendation": "Use locking or transactional methods if needed.",
          "implementationNotes": "Handle potential race conditions in queries.",
          "parityRequirement": "Enhancement"
        },
        "bulkOperations": [],
        "cachingOpportunities": [],
        "sqlServerFunctions": [],
        "databaseSpecificFeatures": [],
        "dataProjectionPatterns": [],
        "dynamicSqlUsage": {
          "detected": false,
          "notes": "",
          "parityRequirement": "Enhancement"
        },
        "crossCuttingConcerns": [],
        "repositoryInterfaceDesign": {
          "recommendedInterfaces": [
            {
              "name": "IEmailRepository",
              "purpose": "Define email retrieval operations for campaigns.",
              "suggestedMethods": ["GetEmailDetails"],
              "designPrinciples": "Interface segregation and repository pattern application."
            }
          ]
        }
      },
      "migrationPhasing": {
        "phases": [
          {
            "phase": 1,
            "focus": "Core Feature Parity",
            "repositoryComponents": ["GetEmailDetails method"],
            "testFocus": "Verify functional equivalence with SQL procedure output."
          },
          {
            "phase": 2,
            "focus": "Performance Optimization",
            "repositoryComponents": ["Query optimization"],
            "testFocus": "Performance under load and efficiency improvements."
          },
          {
            "phase": 3,
            "focus": "Architectural Improvements",
            "repositoryComponents": ["Error handling", "Concurrency management"],
            "testFocus": "Enhanced architecture and robustness verification."
          }
        ],
        "componentsByPhase": {
          "phase1Components": ["GetEmailDetails"],
          "phase2Components": ["Query optimization"],
          "phase3Components": ["Error handling", "Concurrency"]
        }
      },
      "domainModelMapping": {
        "aggregateRoots": [
          {
            "name": "Campaign",
            "keyEntities": ["CampaignEmailTemplate", "EmailDetail"],
            "repositoryResponsibility": "CampaignRepository"
          }
        ]
      },
      "repositoryMigrationStrategy": {
        "approachOptions": [
          {
            "strategy": "Incremental Migration",
            "description": "Gradually move functionality from SQL to C# while validating each piece.",
            "benefit": "Limits risk by ensuring each phase maintains feature parity before optimization and changes."
          }
        ]
      }
    }
  },
  "business": {
    "processSummary": {
      "name": "Email Campaign Retrieval",
      "description": "This process retrieves the details of email communications within a specified campaign, optionally filtered by recipient."
    },
    "businessProcesses": [
      {
        "processId": "PROC-001",
        "processName": "Email Campaign Analysis",
        "description": "Analyzes and retrieves email communication details for a given campaign, optionally filtered by recipient.",
        "inputs": ["CampaignId", "Optional userStsGuid"],
        "outputs": ["Email details with associated templates"],
        "outcome": "Provides comprehensive email records and template associations for a campaign.",
        "steps": [
          {
            "sequence": 1,
            "name": "Retrieve Email Details",
            "description": "Fetch email details based on campaign ID, with optional recipient filtering.",
            "responsibleRole": "[To be determined]",
            "decisions": ["Include filtering by recipient or not"]
          }
        ]
      }
    ],
    "businessFunctions": [
      {
        "functionId": "BF-001",
        "functionName": "Retrieve Campaign Email Details",
        "description": "Fetches comprehensive email records for a specific campaign, including recipient details and associated email templates.",
        "responsibleRole": "[To be determined]",
        "inputs": ["CampaignId", "Optional userStsGuid"],
        "outputs": ["List of Email Details"],
        "relatedRules": ["BR-001", "BR-002", "BR-003"]
      }
    ],
    "businessRules": [
      {
        "ruleId": "BR-001",
        "ruleName": "Filter by Campaign ID",
        "ruleStatement": "Filter email records by campaign ID.",
        "rationale": "Ensure communication records are relevant to the requested campaign.",
        "enforcedBy": "[To be determined]",
        "impact": "[To be determined]",
        "examples": {
          "inclusion": ["Records for CampaignId 1"],
          "exclusion": ["Records for non-specified CampaignIds"]
        }
      },
      {
        "ruleId": "BR-002",
        "ruleName": "Conditional Recipient Filtering",
        "ruleStatement": "Optionally filter email records by recipient.",
        "rationale": "Provide recipient-specific data or broad campaign data as needed.",
        "enforcedBy": "[To be determined]",
        "impact": "[To be determined]",
        "examples": {
          "inclusion": ["Emails for specific recipient if Guid is provided"],
          "exclusion": ["All emails for the campaign if Guid is NULL"]
        }
      }
    ],
    "businessEntities": [
      {
        "entityName": "EmailDetail",
        "description": "Details of a specific email in a campaign.",
        "keyAttributes": ["CampaignId", "Recipient", "Sender", "Timestamp"],
        "relationships": [
          {
            "relatedEntity": "CampaignEmailTemplate",
            "description": "Associates email details with its email templates."
          }
        ]
      },
      {
        "entityName": "CampaignEmailTemplate",
        "description": "Template details related to an email campaign.",
        "keyAttributes": ["Id", "CampaignId"],
        "relationships": [
          {
            "relatedEntity": "EmailDetail",
            "description": "Templates are associated with specific email details."
          }
        ]
      }
    ],
    "businessDecisions": [
      {
        "decisionId": "DEC-001",
        "description": "Determine whether to filter emails by recipient.",
        "criteria": ["Presence of userStsGuid"],
        "outcomes": ["Filter emails by recipient", "Fetch all emails for campaign"],
        "relatedRules": ["BR-002"]
      }
    ],
    "governanceGuidance": {
      "description": "This document provides a starting point for business rules governance. The following elements require business stakeholder input to complete the transition from implementation-focused to business-rule-focused governance:",
      "toBeDetermined": [
        "Process owners and stakeholders",
        "Rule enforcement responsibility",
        "Ongoing governance procedures"
      ]
    },
    "technicalContext": {
      "prioritizedObservations": [
        {
          "priority": "High",
          "area": "Data Filtering",
          "observation": "Filters based on CampaignId and optionally on Recipient.",
          "businessImpact": "Ensures only relevant communication data is used for analysis.",
          "riskFactor": "Filtering logic errors could result in incorrect data retrieval."
        }
      ],
      "migrationConsiderations": {
        "keyConsiderations": [
          {
            "area": "Data Relationships",
            "businessContext": "Ensuring relationships between email records and templates is critical.",
            "migrationImplication": "C# implementation must maintain these relationships accurately.",
            "phasedApproach": "Address core relationship integrity in initial phase."
          }
        ],
        "phasedMigrationSummary": {
          "phase1": {
            "focus": "Core functional parity",
            "businessBenefit": "Ensures continued business operations with same results",
            "timeframeGuidance": "Prioritize simple transition with close functional matches."
          },
          "phase2": {
            "focus": "Performance optimization",
            "businessBenefit": "Improved system response and throughput",
            "timeframeGuidance": "Optimize after ensuring parity in functionality."
          },
          "phase3": {
            "focus": "Architectural improvements",
            "businessBenefit": "Enhanced maintainability and adaptability",
            "timeframeGuidance": "Enhancements and refinements post-verification of functionality."
          }
        }
      }
    }
  }
}
