
{
  "metadata": {
    "procedureName": "arm.GetEmailDetails",
    "parameters": [
      {
        "name": "@CampaignId",
        "dataType": "INT",
        "defaultValue": null
      },
      {
        "name": "@userStsGuid",
        "dataType": "UNIQUEIDENTIFIER",
        "defaultValue": "NULL"
      }
    ]
  },
  "logicalBlocks": [
    {
      "id": "block_0",
      "type": "PROCEDURE_DECLARATION",
      "lineRange": [1, 4],
      "codeText": "CREATE PROCEDURE [arm].[GetEmailDetails]\n\t@CampaignId INT,\n\t@userStsGuid UNIQUEIDENTIFIER=NULL\nAS",
      "comments": [],
      "childBlocks": [],
      "purpose": "Declare the stored procedure and its parameters"
    },
    {
      "id": "block_1",
      "type": "PROCEDURE_BODY",
      "lineRange": [5, 17],
      "codeText": "BEGIN\n\n\tSELECT eh.CampaignId,\n\t\t   eh.Recipient,\n\t\t   eh.Sender,\n\t\t   eh.Timestamp,\n\t\t   cet.Id as CampaignEmailTemplateId,\n\t\t   cet.WorkflowStep,\n\t\t   cet.ccManager\n\tFROM arm.EmailHistory eh\n\tINNER JOIN arm.CampaignEmailTemplates cet ON cet.CampaignId=eh.CampaignId AND cet.Id=eh.CampaignEmailTemplateId\n\tWHERE eh.CampaignId=@CampaignId AND (eh.Recipient=@userStsGuid OR @userStsGuid IS NULL)\n\nEND",
      "comments": [],
      "childBlocks": [
        {
          "id": "block_1_1",
          "type": "DATA_RETRIEVAL",
          "lineRange": [7, 15],
          "codeText": "\tSELECT eh.CampaignId,\n\t\t   eh.Recipient,\n\t\t   eh.Sender,\n\t\t   eh.Timestamp,\n\t\t   cet.Id as CampaignEmailTemplateId,\n\t\t   cet.WorkflowStep,\n\t\t   cet.ccManager\n\tFROM arm.EmailHistory eh\n\tINNER JOIN arm.CampaignEmailTemplates cet ON cet.CampaignId=eh.CampaignId AND cet.Id=eh.CampaignEmailTemplateId",
          "comments": [],
          "childBlocks": [],
          "purpose": "Retrieve email details from EmailHistory and CampaignEmailTemplates tables"
        },
        {
          "id": "block_1_2",
          "type": "CONDITIONAL_LOGIC",
          "lineRange": [16, 16],
          "codeText": "\tWHERE eh.CampaignId=@CampaignId AND (eh.Recipient=@userStsGuid OR @userStsGuid IS NULL)",
          "comments": [],
          "childBlocks": [],
          "purpose": "Filter results by campaign ID and optionally by recipient"
        }
      ],
      "purpose": "Main procedure body containing the email details query"
    }
  ],
  "tableReferences": [
    {
      "tableName": "arm.EmailHistory",
      "columns": ["CampaignId", "Recipient", "Sender", "Timestamp", "CampaignEmailTemplateId"]
    },
    {
      "tableName": "arm.CampaignEmailTemplates",
      "columns": ["Id", "CampaignId", "WorkflowStep", "ccManager"]
    }
  ],
  "potentialBusinessRules": [
    {
      "ruleType": "DATA_FILTER",
      "description": "Email records must be filtered by the specified CampaignId"
    },
    {
      "ruleType": "CONDITIONAL_FILTER",
      "description": "If @userStsGuid is provided, only return emails for that recipient; otherwise return all recipients for the campaign"
    },
    {
      "ruleType": "DATA_RELATIONSHIP",
      "description": "Email details must be joined with their corresponding template information based on CampaignId and CampaignEmailTemplateId"
    }
  ],
  "statementPurpose": [
    {
      "statementType": "SELECT",
      "purpose": "Retrieve email communication details and associated template information for a specific campaign"
    },
    {
      "statementType": "JOIN",
      "purpose": "Connect email history with email templates to provide complete email information"
    },
    {
      "statementType": "WHERE",
      "purpose": "Filter results by campaign and optionally by recipient"
    }
  ],
  "parameterUsage": [
    {
      "parameterName": "@CampaignId",
      "usage": "Used in WHERE clause to filter email records by campaign ID"
    },
    {
      "parameterName": "@userStsGuid",
      "usage": "Used in WHERE clause as an optional filter; if provided, only returns emails for that recipient; if NULL, returns all recipients"
    }
  ],
  "testValueCandidates": [
    {
      "parameterName": "@CampaignId",
      "testValues": [
        "1",
        "0",
        "-1",
        "NULL",
        "999999"
      ]
    },
    {
      "parameterName": "@userStsGuid",
      "testValues": [
        "NULL",
        "'00000000-0000-0000-0000-000000000000'",
        "'A1B2C3D4-E5F6-7890-ABCD-EF1234567890'",
        "'12345678-1234-1234-1234-123456789012'"
      ]
    }
  ]
}
