
{
  "metadata": {
    "procedureName": "arm.stp_AddAuditRecord",
    "parameters": [
      {"name": "@ActionedBy", "dataType": "UNIQUEIDENTIFIER", "defaultValue": "NULL"},
      {"name": "@Timestamp", "dataType": "DATETIME", "defaultValue": "NULL"},
      {"name": "@EventDescription", "dataType": "NVARCHAR(MAX)", "defaultValue": "NULL"},
      {"name": "@AffectedItem", "dataType": "NVARCHAR(1550)", "defaultValue": "NULL"},
      {"name": "@CampaignId", "dataType": "INT", "defaultValue": "NULL"},
      {"name": "@ItemType", "dataType": "NVARCHAR(50)", "defaultValue": "NULL"},
      {"name": "@PreviousValue", "dataType": "NVARCHAR(MAX)", "defaultValue": "NULL"},
      {"name": "@NewValue", "dataType": "NVARCHAR(MAX)", "defaultValue": "NULL"},
      {"name": "@AssetOwner", "dataType": "UNIQUEIDENTIFIER", "defaultValue": "NULL"},
      {"name": "@AssetName", "dataType": "NVARCHAR(1550)", "defaultValue": "NULL"}
    ]
  },
  "logicalBlocks": [
    {
      "id": "block_0",
      "type": "CONDITIONAL_LOGIC",
      "lineRange": [5, 8],
      "codeText": "IF(@ItemType='Collection') BEGIN SET @ItemType='Share' END",
      "comments": [],
      "childBlocks": [],
      "purpose": "DATA_TRANSFORMATION"
    },
    {
      "id": "block_1",
      "type": "CONDITIONAL_LOGIC",
      "lineRange": [10, 19],
      "codeText": "DECLARE @owner NVARCHAR(256)=@AssetOwner IF(@AssetOwner IS NULL AND @ItemType IN ('Account', 'Group', 'Service Account', 'Group Policy') AND TRY_CONVERT(UNIQUEIDENTIFIER, @AffectedItem) IS NOT NULL) BEGIN SET @owner =(SELECT oo.ManagedBy FROM dbo.ADobjectInfo ado INNER JOIN dbo.ObjOwner oo ON oo.objectID=ado.UniqueID INNER JOIN dbo.EntityKey ek ON ek.EntID=oo.EntType WHERE ado.STSGuid=cast(@AffectedItem AS UNIQUEIDENTIFIER) AND ek.Entity=@ItemType) END",
      "comments": [],
      "childBlocks": [],
      "purpose": "DATA_VALIDATION and DATA_RETRIEVAL"
    },
    {
      "id": "block_2",
      "type": "CONDITIONAL_LOGIC",
      "lineRange": [20, 24],
      "codeText": "ELSE IF(@AssetOwner IS NULL AND @ItemType IN ('Application', 'Server', 'AppRole', 'Share','Exchange')) BEGIN SET @owner =(SELECT oo.ManagedBy FROM dbo.ObjOwner oo INNER JOIN dbo.EntityKey ek ON ek.EntID=oo.EntType WHERE oo.objectID=@AffectedItem AND ek.Entity=@ItemType) END",
      "comments": [],
      "childBlocks": [],
      "purpose": "DATA_RETRIEVAL"
    },
    {
      "id": "block_3",
      "type": "CONDITIONAL_LOGIC",
      "lineRange": [26, 33],
      "codeText": "IF(@ItemType = 'Exchange') BEGIN SET @ItemType ='Mailbox' END IF(@ItemType='Share') BEGIN SET @ItemType='Collection' END IF(@ItemType='Service Account') BEGIN SET @ItemType='Account' END",
      "comments": [],
      "childBlocks": [],
      "purpose": "DATA_TRANSFORMATION"
    },
    {
      "id": "block_4",
      "type": "PROCEDURE_BODY",
      "lineRange": [35, 39],
      "codeText": "set @Timestamp = getdate() INSERT INTO [arm].[CampaignAuditLog] ([CampaignId],[Timestamp],[ActionedBy],[AffectedItem],[ItemType],[EventDescription],[PreviousValue],[NewValue],[AssetOwner],[AssetName]) VALUES(@CampaignId,@Timestamp,@ActionedBy,@AffectedItem,@ItemType,@EventDescription,@PreviousValue,@NewValue,@owner,@AssetName)",
      "comments": [],
      "childBlocks": [],
      "purpose": "DATA_INSERTION"
    }
  ],
  "tableReferences": [
    {"tableName": "dbo.ADobjectInfo", "columns": ["STSGuid", "UniqueID"]},
    {"tableName": "dbo.ObjOwner", "columns": ["objectID", "ManagedBy", "EntType"]},
    {"tableName": "dbo.EntityKey", "columns": ["EntID", "Entity"]},
    {"tableName": "[arm].[CampaignAuditLog]", "columns": ["CampaignId", "Timestamp", "ActionedBy", "AffectedItem", "ItemType", "EventDescription", "PreviousValue", "NewValue", "AssetOwner", "AssetName"]}
  ],
  "potentialBusinessRules": [
    {"ruleType": "Data Transformation", "description": "@ItemType is transformed to 'Share' if it's 'Collection' initially."},
    {"ruleType": "Data Validation", "description": "Checks if @AssetOwner is NULL and @ItemType is specific values, performs conditional retrieval."},
    {"ruleType": "Data Transformation", "description": "@ItemType is transformed based on specific conditions (e.g., 'Exchange' to 'Mailbox')."}
  ],
  "statementPurpose": [
    {"statementType": "CONDITIONAL_STATEMENT", "purpose": "Transforming and validating data based on conditions."},
    {"statementType": "INSERT_STATEMENT", "purpose": "Inserting audit record into CampaignAuditLog table."}
  ],
  "parameterUsage": [
    {"parameterName": "@ActionedBy", "usage": "Used as a parameter in INSERT statement"},
    {"parameterName": "@Timestamp", "usage": "Set to current date-time; used in INSERT statement"},
    {"parameterName": "@EventDescription", "usage": "Used as a parameter in INSERT statement"},
    {"parameterName": "@AffectedItem", "usage": "Used in conditional logic and INSERT statement"},
    {"parameterName": "@CampaignId", "usage": "Used as a parameter in INSERT statement"},
    {"parameterName": "@ItemType", "usage": "Extensively transformed/used for conditions and in INSERT statement"},
    {"parameterName": "@PreviousValue", "usage": "Used as a parameter in INSERT statement"},
    {"parameterName": "@NewValue", "usage": "Used as a parameter in INSERT statement"},
    {"parameterName": "@AssetOwner", "usage": "Used in conditional logic; set to a local variable for INSERT"},
    {"parameterName": "@AssetName", "usage": "Used as a parameter in INSERT statement"}
  ],
  "testValueCandidates": [
    {"parameterName": "@ActionedBy", "testValues": ["NULL_VALUE", "valid-unique-id"]},
    {"parameterName": "@Timestamp", "testValues": ["NULL_VALUE", "2023-01-01 00:00:00"]},
    {"parameterName": "@EventDescription", "testValues": ["NULL_VALUE", "Typical event description"]},
    {"parameterName": "@AffectedItem", "testValues": ["NULL_VALUE", "valid-string-of-length-1550"]},
    {"parameterName": "@CampaignId", "testValues": ["NULL_VALUE", "0", "1", "Max-int-value"]},
    {"parameterName": "@ItemType", "testValues": ["NULL_VALUE", "typical-item-type", "Exchange", "Collection"]},
    {"parameterName": "@PreviousValue", "testValues": ["NULL_VALUE", "Typical previous value"]},
    {"parameterName": "@NewValue", "testValues": ["NULL_VALUE", "Typical new value"]},
    {"parameterName": "@AssetOwner", "testValues": ["NULL_VALUE", "valid-unique-id"]},
    {"parameterName": "@AssetName", "testValues": ["NULL_VALUE", "Valid Asset Name of Length 1550"]}
  ]
}
