
{
  "technical": {
    "businessRules": [
      {
        "ruleId": "BR-001",
        "ruleName": "Archive Campaign Validation",
        "action": "Ensures that a campaign can be archived only if it exists and an archiver is valid",
        "category": "Validation",
        "description": "This rule ensures that the @campaignId corresponds to a valid existing campaign and the @archivedBy user identifier is valid before proceeding.",
        "trigger": "Method invocation with campaignId and archivedBy parameters",
        "entities": ["Campaign", "User"],
        "implementation": {
          "sqlCode": "DECLARE @description NVARCHAR(MAX) = 'Campaign Archived by ' + (select SamAccountName from dbo.ADobjectInfo where STSGuid = @archivedBy)",
          "technicalDescription": "Checks if archivedBy is valid and fetches their SamAccountName",
          "line_start": "5",
          "line_end": "5"
        },
        "confidence": 95,
        "reasoning": "The presence of select statements to fetch user details implies validation steps.",
        "testValues": {
          "normalCase": ["valid campaignId and archivedBy"],
          "boundaryCase": ["minimum valid Id"],
          "edgeCase": ["non-existent campaignId, malformed archivedBy"]
        }
      }
    ],
    "businessFunctions": [
      {
        "functionId": "BF-001",
        "functionName": "Archive Campaign",
        "description": "Facilitates archiving of campaign data and logs the action",
        "componentRules": ["BR-001"],
        "repositoryMethod": {
          "name": "ArchiveCampaign",
          "returnType": "void",
          "parameters": [
            {
              "name": "campaignId",
              "type": "int",
              "description": "The ID of the campaign to archive"
            },
            {
              "name": "archivedBy",
              "type": "Guid",
              "description": "The unique identifier of the user archiving the campaign"
            }
          ],
          "sqlImplementationNotes": [
            {
              "ruleId": "BR-001",
              "sqlSnippet": "SET NOCOUNT ON; EXEC arm.stp_CampaignResults..."
            }
          ]
        },
        "dataRequirements": {
          "inputs": ["CampaignId", "ArchivedBy"],
          "outputs": ["Archived campaign records", "Audit records"],
          "dependencies": ["ADobjectInfo for user details", "Campaigns table for archiving status"]
        }
      }
    ],
    "businessProcesses": [
      {
        "processId": "PROC-001",
        "processName": "Campaign Archival Process",
        "description": "Handles the archival of a campaign including necessary logging.",
        "orchestration": {
          "steps": [
            {
              "sequence": 1,
              "functionId": "BF-001",
              "description": "Archive the campaign and related data."
            }
          ]
        }
      }
    ],
    "ImplementationApproach": {
      "dataModels": [
        {
          "modelName": "Campaign",
          "description": "Represents a campaign and its attributes",
          "properties": [
            {
              "name": "Id",
              "type": "int",
              "description": "Unique identifier of the campaign"
            },
            {
              "name": "Archived",
              "type": "bool",
              "description": "Status of the campaign archival"
            }
          ],
          "relationships": [
            {
              "relatedModel": "User",
              "type": "ownership",
              "description": "User who archived the campaign"
            }
          ]
        }
      ],
      "transactionBoundaries": {
        "startPoints": ["line reference: BEGIN TRAN"],
        "endPoints": ["line reference: COMMIT"],
        "savePoints": [],
        "repositoryImplications": "Wrap repository methods with transaction scope in C#",
        "parityRequirement": "Critical"
      },
      "dependencyInjectionRequirements": [
        {
          "dependency": "UserService",
          "usage": "To fetch user details like SamAccountName",
          "suggestedInterface": "IUserService",
          "parityRequirement": "Enhancement"
        }
      ],
      "stateManagement": {
        "temporaryStorageUsage": [
          {
            "structure": "Temporary table",
            "purpose": "Storing intermediate campaign results during archiving",
            "c#Alternative": "Use transient collection or service",
            "parityRequirement": "Critical"
          }
        ]
      },
      "errorHandlingPatterns": {
        "patterns": [
          {
            "approach": "Try-Catch Blocks with transaction rollback",
            "c#Implication": "Use exception handling with transaction scope rollback",
            "parityRequirement": "Critical"
          }
        ]
      },
      "dataVolumeConsiderations": {
        "largeDatasetOperations": [
          {
            "operation": "Archive operation on Campaigns and their records",
            "volumeImplication": "May impact performance due to large datasets",
            "c#Approach": "Batch process or use asynchronous handling",
            "parityRequirement": "Enhancement"
          }
        ]
      },
      "repositoryPatternGuidance": {
        "queryOptimization": {
          "sqlPatterns": [
            {
              "pattern": "Use of indexed columns in WHERE clause",
              "location": "Query lines with campaignId filters",
              "c#Consideration": "Ensure LINQ queries take advantage of indexes",
              "performanceImpact": "Medium",
              "parityRequirement": "Enhancement"
            }
          ]
        },
        "concurrencyHandling": {
          "sqlApproach": "Uses transaction locks",
          "c#Recommendation": "Use lock keyword or similar concurrency control",
          "implementationNotes": "Consider optimistic concurrency where appropriate",
          "parityRequirement": "Critical"
        },
        "bulkOperations": [
          {
            "operation": "Bulk insertion into archive tables",
            "sqlImplementation": "INSERT INTO... EXEC...",
            "c#Alternative": "Use Entity Framework's bulk extensions or SqlBulkCopy",
            "performanceConsideration": "High",
            "parityRequirement": "Critical"
          }
        ],
        "cachingOpportunities": [
          {
            "target": "User details fetched from ADobjectInfo",
            "pattern": "Frequently accessed without modification",
            "c#Approach": "Implement caching strategy for user lookup",
            "benefit": "Reduces repeated database accesses",
            "parityRequirement": "Enhancement"
          }
        ],
        "sqlServerFunctions": [
          {
            "function": "GETDATE()",
            "usage": "To set current date in ArchivedDate",
            "c#Equivalent": "DateTime.UtcNow",
            "notes": "Ensure datetime consistency across services",
            "parityRequirement": "Critical"
          }
        ],
        "databaseSpecificFeatures": [
          {
            "feature": "Stored Procedures",
            "usage": "Encapsulates complex logic and updates",
            "c#Approach": "Translate into repository methods with business logic separation",
            "migrationComplexity": "Medium",
            "parityRequirement": "Critical"
          }
        ],
        "dataProjectionPatterns": [
          {
            "pattern": "SELECT with join operations",
            "sqlImplementation": "Exec arm.stp_CampaignResults with joins",
            "c#Recommendation": "LINQ with Include/ThenInclude",
            "benefit": "Improves readability and maintainability",
            "parityRequirement": "Critical"
          }
        ],
        "dynamicSqlUsage": {
          "detected": false,
          "notes": "No dynamic SQL detected",
          "parityRequirement": "N/A"
        },
        "crossCuttingConcerns": [
          {
            "concern": "Audit logging",
            "sqlImplementation": "EXEC arm.stp_AddAuditRecord...",
            "c#Approach": "Implement logging with centralized logging service",
            "architecturalConsideration": "Decouple logging for maintainability",
            "parityRequirement": "Enhancement"
          }
        ],
        "repositoryInterfaceDesign": {
          "recommendedInterfaces": [
            {
              "name": "IArchiveRepository",
              "purpose": "Handle operations related to archiving campaigns",
              "suggestedMethods": ["void ArchiveCampaign(int campaignId, Guid archivedBy)"],
              "designPrinciples": "Adhere to single responsibility and interface segregation"
            }
          ]
        }
      },
      "migrationPhasing": {
        "phases": [
          {
            "phase": 1,
            "focus": "Core Feature Parity",
            "repositoryComponents": ["Campaign archival, Audit logging"],
            "testFocus": "Ensure feature parity with stored procedure"
          },
          {
            "phase": 2,
            "focus": "Performance Optimization",
            "repositoryComponents": ["Optimize bulk operations"],
            "testFocus": "Performance testing"
          },
          {
            "phase": 3,
            "focus": "Architectural Improvements",
            "repositoryComponents": ["Implement caching, Enhance logging"],
            "testFocus": "Integration testing"
          }
        ],
        "componentsByPhase": {
          "phase1Components": ["Critical repository methods"],
          "phase2Components": ["Performance improvements"],
          "phase3Components": ["Architectural enhancements"]
        }
      },
      "domainModelMapping": {
        "aggregateRoots": [
          {
            "name": "ArchivedCampaign",
            "keyEntities": ["Campaign", "AuditLog"],
            "repositoryResponsibility": "Archive management"
          }
        ]
      },
      "repositoryMigrationStrategy": {
        "approachOptions": [
          {
            "strategy": "Repository Pattern Implementation",
            "description": "Use repository pattern to encapsulate data access logic",
            "benefit": "Separates data access logic from business logic, enhancing maintainability"
          }
        ]
      }
    }
  },
  "business": [
    {
      "processSummary": {
        "name": "Campaign Archive Process",
        "description": "The procedure archiving campaigns by moving necessary records and updating statuses, along with detailed audit logging."
      },
      "businessProcesses": [
        {
          "processId": "PROC-001",
          "processName": "Archive Campaign",
          "description": "Archives campaigns in the system by updating their statuses and logging activities for audit purposes.",
          "inputs": ["campaignId", "archivedBy"],
          "outputs": ["Archived campaign data", "Audit log entry"],
          "outcome": "Campaign is marked as archived with an audit trail",
          "steps": [
            {
              "sequence": 1,
              "name": "Validate Inputs",
              "description": "Ensure valid campaignId and archivedBy reference",
              "responsibleRole": "[To be determined]",
              "decisions": ["Valid or invalid inputs"]
            },
            {
              "sequence": 2,
              "name": "Archive Data",
              "description": "Execute archival of campaign results and update status",
              "responsibleRole": "[To be determined]",
              "decisions": ["Successful archival or failure"]
            },
            {
              "sequence": 3,
              "name": "Log Activity",
              "description": "Insert records into audit log for tracing",
              "responsibleRole": "[To be determined]",
              "decisions": ["Log entry created or not"]
            }
          ]
        }
      ],
      "businessFunctions": [
        {
          "functionId": "BF-001",
          "functionName": "Archive Campaign Function",
          "description": "Manages the archival of campaigns, ensuring compliance and tracking",
          "responsibleRole": "[To be determined]",
          "inputs": ["campaignId", "archivedBy"],
          "outputs": ["Archived campaign updates", "Audit logs"],
          "relatedRules": ["BR-001"]
        }
      ],
      "businessRules": [
        {
          "ruleId": "BR-001",
          "ruleName": "Validate Campaign Archival",
          "ruleStatement": "A campaign can only be archived if a valid campaign ID is provided and the user performing the archival is recognized",
          "rationale": "To ensure that only legitimate and traceable archival actions occur",
          "enforcedBy": "[To be determined]",
          "impact": "[To be determined]",
          "examples": {
            "inclusion": ["A valid user archives an active campaign"],
            "exclusion": ["An unauthenticated user tries to archive a non-existing campaign"]
          }
        }
      ],
      "businessEntities": [
        {
          "entityName": "Campaign",
          "description": "Represents a marketing or project campaign within the organization",
          "keyAttributes": ["Id", "Archived", "ArchivedBy", "ArchivedDate"],
          "relationships": [
            {
              "relatedEntity": "User",
              "description": "Linked to the user who performs archival actions"
            }
          ]
        }
      ],
      "businessDecisions": [
        {
          "decisionId": "DEC-001",
          "description": "Determine if a campaign can be archived",
          "criteria": ["Valid campaignId", "Authorization of archivedBy"],
          "outcomes": ["Archive approval, Archive denial"],
          "relatedRules": ["BR-001"]
        }
      ],
      "governanceGuidance": {
        "description": "This document provides a starting point for business rules governance. The following elements require business stakeholder input to complete the transition from implementation-focused to business-rule-focused governance:",
        "toBeDetermined": [
          "Process owners and stakeholders",
          "Rule enforcement responsibility",
          "Ongoing governance procedures"
        ]
      },
      "technicalContext": {
        "prioritizedObservations": [
          {
            "priority": "High",
            "area": "Data validation and integrity",
            "observation": "Validation of inputs to ensure data integrity and correct operation",
            "businessImpact": "Ensures archival actions are valid and traceable",
            "riskFactor": "Potential risk of unauthorized archival if not handled properly"
          }
        ],
        "migrationConsiderations": {
          "keyConsiderations": [
            {
              "area": "Input Validation",
              "businessContext": "Ensures only valid data is processed for archival",
              "migrationImplication": "Accurate mapping of SQL validations to C# methods",
              "phasedApproach": "Include core validation in Phase 1"
            }
          ],
          "phasedMigrationSummary": {
            "phase1": {
              "focus": "Core functional parity",
              "businessBenefit": "Ensures continued business operations with the same results",
              "timeframeGuidance": "Suggested implementation considerations"
            },
            "phase2": {
              "focus": "Performance optimization",
              "businessBenefit": "Improved system response and throughput",
              "timeframeGuidance": "Suggested implementation considerations"
            },
            "phase3": {
              "focus": "Architectural improvements",
              "businessBenefit": "Enhanced maintainability and adaptability",
              "timeframeGuidance": "Suggested implementation considerations"
            }
          }
        }
      }
    }
  ]
}
