
{
  "metadata": {
    "procedureName": "arm.stp_ArchiveCampaign",
    "parameters": [
      {"name": "@campaignId", "dataType": "int", "defaultValue": null},
      {"name": "@archivedBy", "dataType": "uniqueIdentifier", "defaultValue": null}
    ]
  },
  "logicalBlocks": [
    {
      "id": "block_0",
      "type": "PROCEDURE_BODY",
      "lineRange": [3, 31],
      "codeText": "SET NOCOUNT ON; DECLARE @description NVARCHAR(MAX) = 'Campaign Archived by ' + (select SamAccountName from dbo.ADobjectInfo where STSGuid = @archivedBy) DECLARE @archivedDate DATETIME = getdate();",
      "comments": [],
      "childBlocks": [],
      "purpose": "Initializes variables for auditing and setting NOCOUNT for the procedure."
    },
    {
      "id": "block_1",
      "type": "DATA_INSERTION",
      "lineRange": [7, 8],
      "codeText": "insert into arm.ArchivedCampaignResult(...) exec arm.stp_CampaignResults @campaignId = @campaignId, @forArchive = 1",
      "comments": [],
      "childBlocks": [],
      "purpose": "Inserts campaign results into archive table using a stored procedure for campaign fetching."
    },
    {
      "id": "block_2",
      "type": "DATA_INSERTION",
      "lineRange": [9, 10],
      "codeText": "EXEC arm.stp_AddAuditRecord ...",
      "comments": [],
      "childBlocks": [],
      "purpose": "Logs audit record for the archived campaign."
    },
    {
      "id": "block_3",
      "type": "DATA_INSERTION",
      "lineRange": [11, 12],
      "codeText": "insert into arm.ArchivedCampaignAuditLog(...) exec arm.stp_CampaignAuditResults @campaignId = @campaignId, @forArchive = 1",
      "comments": [],
      "childBlocks": [],
      "purpose": "Inserts campaign audit results into archive table."
    },
    {
      "id": "block_4",
      "type": "DATA_UPDATE",
      "lineRange": [14, 18],
      "codeText": "UPDATE arm.Campaigns SET Archived = 1, ArchivedBy = @archivedBy, ArchivedDate = @archivedDate WHERE Id = @campaignId",
      "comments": [],
      "childBlocks": [],
      "purpose": "Marks the campaign as archived in the Campaigns table."
    },
    {
      "id": "block_5",
      "type": "DATA_UPDATE",
      "lineRange": [19, 21],
      "codeText": "UPDATE arm.CustomQuestions SET CampaignScope = -1 WHERE CampaignScope = @campaignId",
      "comments": [],
      "childBlocks": [],
      "purpose": "Updates the CampaignScope in CustomQuestions to remove old campaign associations."
    }
  ],
  "tableReferences": [
    {"tableName": "dbo.ADobjectInfo", "columns": ["SamAccountName", "STSGuid"]},
    {"tableName": "arm.ArchivedCampaignResult", "columns": ["CampaignId", "CampaignName", "[TimeStamp]", "CampaignAssetId", "AssetName", "AssetType", "Change", "ConfirmedOwner", "ReviewedItem", "OriginalValue", "NewValue", "ReviewSubmissionId", "Email", "[Review Submitter]", "FilerName", "DFSPath", "SharePath"]},
    {"tableName": "arm.ArchivedCampaignAuditLog", "columns": ["CampaignId", "[TimeStamp]", "ActionedBy", "ActionedName", "AffectedItem", "EventDescription", "ItemType", "NewValue", "PreviousValue", "AssetOwner", "SharePath", "AssetName"]},
    {"tableName": "arm.Campaigns", "columns": ["Archived", "ArchivedBy", "ArchivedDate", "Id"]},
    {"tableName": "arm.CustomQuestions", "columns": ["CampaignScope"]}
  ],
  "potentialBusinessRules": [
    {"ruleType": "INTEGRITY_RULE", "description": "Ensure @campaignId corresponds to a valid campaign before proceeding."},
    {"ruleType": "VALIDATION_RULE", "description": "Ensure @archivedBy exists in dbo.ADobjectInfo prior to using its SamAccountName."}
  ],
  "statementPurpose": [
    {"statementType": "VARIABLE_DECLARATION", "purpose": "Declare variables for logging and auditing information."},
    {"statementType": "DATA_INSERTION", "purpose": "Insert records into archive tables ensuring audit trails are maintained."},
    {"statementType": "DATA_UPDATE", "purpose": "Mark campaigns and related entities as archived."},
    {"statementType": "EXECUTION", "purpose": "Execute other stored procedures for data processing."}
  ],
  "parameterUsage": [
    {"parameterName": "@campaignId", "usage": "Used for identifying the specific campaign to process."},
    {"parameterName": "@archivedBy", "usage": "Identifies the user performing the archive action; used in auditing and data insertions."}
  ],
  "testValueCandidates": [
    {"parameterName": "@campaignId", "testValues": [0, 1, 999999]},
    {"parameterName": "@archivedBy", "testValues": ["NULL", "123e4567-e89b-12d3-a456-426614174000"]}    
  ]
}
